,mean_fit_time,std_fit_time,mean_score_time,std_score_time,param_n_neighbors,params,split0_test_score,split1_test_score,split2_test_score,split3_test_score,split4_test_score,mean_test_score,std_test_score,rank_test_score
0,0.17592592239379884,0.022018107406701334,0.6373954772949219,0.04622256598613636,3,{'n_neighbors': 3},0.9475452196382429,0.9456285341452805,0.9457922833210364,0.943784158931205,0.9468594825333216,0.9459219357138172,0.0012796115452519939,1
1,0.17147703170776368,0.013540331429892735,0.6670382499694825,0.0514681484815493,5,{'n_neighbors': 5},0.9394265078887408,0.9365980498374865,0.9384529002721029,0.9367318677514281,0.9389703967358277,0.9380359444971171,0.001161798335486006,2
2,0.172240686416626,0.008956827135853659,0.7178054332733155,0.016656563601650628,10,{'n_neighbors': 10},0.9277296360485269,0.9261663109291284,0.9279749478079332,0.925184862983906,0.9277397409620165,0.9269590997463022,0.0010964948137325093,3
3,0.17885007858276367,0.009005893585003361,0.7864751815795898,0.043938492706119665,15,{'n_neighbors': 15},0.9122251689622721,0.9109974644376637,0.9133413255694468,0.9105956005317096,0.9128288767758274,0.911997687255384,0.0010501695797035231,4
